index,row,column,subsquare,reverse index,row,col,sq,,,0,1,2,3,4,5,6,7,8
0,=ROUNDDOWN(A2/9),"=MOD(A2,9)",=ROUNDDOWN((B2)/3)+ROUNDDOWN(C2/3)+ROUNDDOWN(A2/27)*2,=C2+B2*9,"=""rows[""&B2&""][""&C2&""] = &board.at(""&A2&"");""","=""columns[""&C2&""][""&B2&""] = &board.at(""&A2&"");""","=""subsquares[""&D2&""][""&COUNTIF(D$2:D2,D2)-1&""] = &board.at(""&A2&"");""",,0,=$J2*9+K$1,=$J2*9+L$1,=$J2*9+M$1,=$J2*9+N$1,=$J2*9+O$1,=$J2*9+P$1,=$J2*9+Q$1,=$J2*9+R$1,=$J2*9+S$1
1,=ROUNDDOWN(A3/9),"=MOD(A3,9)",=ROUNDDOWN((B3)/3)+ROUNDDOWN(C3/3)+ROUNDDOWN(A3/27)*2,=C3+B3*9,"=""rows[""&B3&""][""&C3&""] = &board.at(""&A3&"");""","=""columns[""&C3&""][""&B3&""] = &board.at(""&A3&"");""","=""subsquares[""&D3&""][""&COUNTIF(D$2:D3,D3)-1&""] = &board.at(""&A3&"");""",,1,=$J3*9+K$1,=$J3*9+L$1,=$J3*9+M$1,=$J3*9+N$1,=$J3*9+O$1,=$J3*9+P$1,=$J3*9+Q$1,=$J3*9+R$1,=$J3*9+S$1
2,=ROUNDDOWN(A4/9),"=MOD(A4,9)",=ROUNDDOWN((B4)/3)+ROUNDDOWN(C4/3)+ROUNDDOWN(A4/27)*2,=C4+B4*9,"=""rows[""&B4&""][""&C4&""] = &board.at(""&A4&"");""","=""columns[""&C4&""][""&B4&""] = &board.at(""&A4&"");""","=""subsquares[""&D4&""][""&COUNTIF(D$2:D4,D4)-1&""] = &board.at(""&A4&"");""",,2,=$J4*9+K$1,=$J4*9+L$1,=$J4*9+M$1,=$J4*9+N$1,=$J4*9+O$1,=$J4*9+P$1,=$J4*9+Q$1,=$J4*9+R$1,=$J4*9+S$1
3,=ROUNDDOWN(A5/9),"=MOD(A5,9)",=ROUNDDOWN((B5)/3)+ROUNDDOWN(C5/3)+ROUNDDOWN(A5/27)*2,=C5+B5*9,"=""rows[""&B5&""][""&C5&""] = &board.at(""&A5&"");""","=""columns[""&C5&""][""&B5&""] = &board.at(""&A5&"");""","=""subsquares[""&D5&""][""&COUNTIF(D$2:D5,D5)-1&""] = &board.at(""&A5&"");""",,3,=$J5*9+K$1,=$J5*9+L$1,=$J5*9+M$1,=$J5*9+N$1,=$J5*9+O$1,=$J5*9+P$1,=$J5*9+Q$1,=$J5*9+R$1,=$J5*9+S$1
4,=ROUNDDOWN(A6/9),"=MOD(A6,9)",=ROUNDDOWN((B6)/3)+ROUNDDOWN(C6/3)+ROUNDDOWN(A6/27)*2,=C6+B6*9,"=""rows[""&B6&""][""&C6&""] = &board.at(""&A6&"");""","=""columns[""&C6&""][""&B6&""] = &board.at(""&A6&"");""","=""subsquares[""&D6&""][""&COUNTIF(D$2:D6,D6)-1&""] = &board.at(""&A6&"");""",,4,=$J6*9+K$1,=$J6*9+L$1,=$J6*9+M$1,=$J6*9+N$1,=$J6*9+O$1,=$J6*9+P$1,=$J6*9+Q$1,=$J6*9+R$1,=$J6*9+S$1
5,=ROUNDDOWN(A7/9),"=MOD(A7,9)",=ROUNDDOWN((B7)/3)+ROUNDDOWN(C7/3)+ROUNDDOWN(A7/27)*2,=C7+B7*9,"=""rows[""&B7&""][""&C7&""] = &board.at(""&A7&"");""","=""columns[""&C7&""][""&B7&""] = &board.at(""&A7&"");""","=""subsquares[""&D7&""][""&COUNTIF(D$2:D7,D7)-1&""] = &board.at(""&A7&"");""",,5,=$J7*9+K$1,=$J7*9+L$1,=$J7*9+M$1,=$J7*9+N$1,=$J7*9+O$1,=$J7*9+P$1,=$J7*9+Q$1,=$J7*9+R$1,=$J7*9+S$1
6,=ROUNDDOWN(A8/9),"=MOD(A8,9)",=ROUNDDOWN((B8)/3)+ROUNDDOWN(C8/3)+ROUNDDOWN(A8/27)*2,=C8+B8*9,"=""rows[""&B8&""][""&C8&""] = &board.at(""&A8&"");""","=""columns[""&C8&""][""&B8&""] = &board.at(""&A8&"");""","=""subsquares[""&D8&""][""&COUNTIF(D$2:D8,D8)-1&""] = &board.at(""&A8&"");""",,6,=$J8*9+K$1,=$J8*9+L$1,=$J8*9+M$1,=$J8*9+N$1,=$J8*9+O$1,=$J8*9+P$1,=$J8*9+Q$1,=$J8*9+R$1,=$J8*9+S$1
7,=ROUNDDOWN(A9/9),"=MOD(A9,9)",=ROUNDDOWN((B9)/3)+ROUNDDOWN(C9/3)+ROUNDDOWN(A9/27)*2,=C9+B9*9,"=""rows[""&B9&""][""&C9&""] = &board.at(""&A9&"");""","=""columns[""&C9&""][""&B9&""] = &board.at(""&A9&"");""","=""subsquares[""&D9&""][""&COUNTIF(D$2:D9,D9)-1&""] = &board.at(""&A9&"");""",,7,=$J9*9+K$1,=$J9*9+L$1,=$J9*9+M$1,=$J9*9+N$1,=$J9*9+O$1,=$J9*9+P$1,=$J9*9+Q$1,=$J9*9+R$1,=$J9*9+S$1
8,=ROUNDDOWN(A10/9),"=MOD(A10,9)",=ROUNDDOWN((B10)/3)+ROUNDDOWN(C10/3)+ROUNDDOWN(A10/27)*2,=C10+B10*9,"=""rows[""&B10&""][""&C10&""] = &board.at(""&A10&"");""","=""columns[""&C10&""][""&B10&""] = &board.at(""&A10&"");""","=""subsquares[""&D10&""][""&COUNTIF(D$2:D10,D10)-1&""] = &board.at(""&A10&"");""",,8,=$J10*9+K$1,=$J10*9+L$1,=$J10*9+M$1,=$J10*9+N$1,=$J10*9+O$1,=$J10*9+P$1,=$J10*9+Q$1,=$J10*9+R$1,=$J10*9+S$1
9,=ROUNDDOWN(A11/9),"=MOD(A11,9)",=ROUNDDOWN((B11)/3)+ROUNDDOWN(C11/3)+ROUNDDOWN(A11/27)*2,=C11+B11*9,"=""rows[""&B11&""][""&C11&""] = &board.at(""&A11&"");""","=""columns[""&C11&""][""&B11&""] = &board.at(""&A11&"");""","=""subsquares[""&D11&""][""&COUNTIF(D$2:D11,D11)-1&""] = &board.at(""&A11&"");""",,,,,,,,,,,
10,=ROUNDDOWN(A12/9),"=MOD(A12,9)",=ROUNDDOWN((B12)/3)+ROUNDDOWN(C12/3)+ROUNDDOWN(A12/27)*2,=C12+B12*9,"=""rows[""&B12&""][""&C12&""] = &board.at(""&A12&"");""","=""columns[""&C12&""][""&B12&""] = &board.at(""&A12&"");""","=""subsquares[""&D12&""][""&COUNTIF(D$2:D12,D12)-1&""] = &board.at(""&A12&"");""",,,,,,,,,,,
11,=ROUNDDOWN(A13/9),"=MOD(A13,9)",=ROUNDDOWN((B13)/3)+ROUNDDOWN(C13/3)+ROUNDDOWN(A13/27)*2,=C13+B13*9,"=""rows[""&B13&""][""&C13&""] = &board.at(""&A13&"");""","=""columns[""&C13&""][""&B13&""] = &board.at(""&A13&"");""","=""subsquares[""&D13&""][""&COUNTIF(D$2:D13,D13)-1&""] = &board.at(""&A13&"");""",,,,,,,,,,,
12,=ROUNDDOWN(A14/9),"=MOD(A14,9)",=ROUNDDOWN((B14)/3)+ROUNDDOWN(C14/3)+ROUNDDOWN(A14/27)*2,=C14+B14*9,"=""rows[""&B14&""][""&C14&""] = &board.at(""&A14&"");""","=""columns[""&C14&""][""&B14&""] = &board.at(""&A14&"");""","=""subsquares[""&D14&""][""&COUNTIF(D$2:D14,D14)-1&""] = &board.at(""&A14&"");""",,,,,,,,,,,
13,=ROUNDDOWN(A15/9),"=MOD(A15,9)",=ROUNDDOWN((B15)/3)+ROUNDDOWN(C15/3)+ROUNDDOWN(A15/27)*2,=C15+B15*9,"=""rows[""&B15&""][""&C15&""] = &board.at(""&A15&"");""","=""columns[""&C15&""][""&B15&""] = &board.at(""&A15&"");""","=""subsquares[""&D15&""][""&COUNTIF(D$2:D15,D15)-1&""] = &board.at(""&A15&"");""",,,,,,,,,,,
14,=ROUNDDOWN(A16/9),"=MOD(A16,9)",=ROUNDDOWN((B16)/3)+ROUNDDOWN(C16/3)+ROUNDDOWN(A16/27)*2,=C16+B16*9,"=""rows[""&B16&""][""&C16&""] = &board.at(""&A16&"");""","=""columns[""&C16&""][""&B16&""] = &board.at(""&A16&"");""","=""subsquares[""&D16&""][""&COUNTIF(D$2:D16,D16)-1&""] = &board.at(""&A16&"");""",,,,,,,,,,,
15,=ROUNDDOWN(A17/9),"=MOD(A17,9)",=ROUNDDOWN((B17)/3)+ROUNDDOWN(C17/3)+ROUNDDOWN(A17/27)*2,=C17+B17*9,"=""rows[""&B17&""][""&C17&""] = &board.at(""&A17&"");""","=""columns[""&C17&""][""&B17&""] = &board.at(""&A17&"");""","=""subsquares[""&D17&""][""&COUNTIF(D$2:D17,D17)-1&""] = &board.at(""&A17&"");""",,,,,,,,,,,
16,=ROUNDDOWN(A18/9),"=MOD(A18,9)",=ROUNDDOWN((B18)/3)+ROUNDDOWN(C18/3)+ROUNDDOWN(A18/27)*2,=C18+B18*9,"=""rows[""&B18&""][""&C18&""] = &board.at(""&A18&"");""","=""columns[""&C18&""][""&B18&""] = &board.at(""&A18&"");""","=""subsquares[""&D18&""][""&COUNTIF(D$2:D18,D18)-1&""] = &board.at(""&A18&"");""",,,,,,,,,,,
17,=ROUNDDOWN(A19/9),"=MOD(A19,9)",=ROUNDDOWN((B19)/3)+ROUNDDOWN(C19/3)+ROUNDDOWN(A19/27)*2,=C19+B19*9,"=""rows[""&B19&""][""&C19&""] = &board.at(""&A19&"");""","=""columns[""&C19&""][""&B19&""] = &board.at(""&A19&"");""","=""subsquares[""&D19&""][""&COUNTIF(D$2:D19,D19)-1&""] = &board.at(""&A19&"");""",,,,,,,,,,,
18,=ROUNDDOWN(A20/9),"=MOD(A20,9)",=ROUNDDOWN((B20)/3)+ROUNDDOWN(C20/3)+ROUNDDOWN(A20/27)*2,=C20+B20*9,"=""rows[""&B20&""][""&C20&""] = &board.at(""&A20&"");""","=""columns[""&C20&""][""&B20&""] = &board.at(""&A20&"");""","=""subsquares[""&D20&""][""&COUNTIF(D$2:D20,D20)-1&""] = &board.at(""&A20&"");""",,,,,,,,,,,
19,=ROUNDDOWN(A21/9),"=MOD(A21,9)",=ROUNDDOWN((B21)/3)+ROUNDDOWN(C21/3)+ROUNDDOWN(A21/27)*2,=C21+B21*9,"=""rows[""&B21&""][""&C21&""] = &board.at(""&A21&"");""","=""columns[""&C21&""][""&B21&""] = &board.at(""&A21&"");""","=""subsquares[""&D21&""][""&COUNTIF(D$2:D21,D21)-1&""] = &board.at(""&A21&"");""",,,,,,,,,,,
20,=ROUNDDOWN(A22/9),"=MOD(A22,9)",=ROUNDDOWN((B22)/3)+ROUNDDOWN(C22/3)+ROUNDDOWN(A22/27)*2,=C22+B22*9,"=""rows[""&B22&""][""&C22&""] = &board.at(""&A22&"");""","=""columns[""&C22&""][""&B22&""] = &board.at(""&A22&"");""","=""subsquares[""&D22&""][""&COUNTIF(D$2:D22,D22)-1&""] = &board.at(""&A22&"");""",,,,,,,,,,,
21,=ROUNDDOWN(A23/9),"=MOD(A23,9)",=ROUNDDOWN((B23)/3)+ROUNDDOWN(C23/3)+ROUNDDOWN(A23/27)*2,=C23+B23*9,"=""rows[""&B23&""][""&C23&""] = &board.at(""&A23&"");""","=""columns[""&C23&""][""&B23&""] = &board.at(""&A23&"");""","=""subsquares[""&D23&""][""&COUNTIF(D$2:D23,D23)-1&""] = &board.at(""&A23&"");""",,,,,,,,,,,
22,=ROUNDDOWN(A24/9),"=MOD(A24,9)",=ROUNDDOWN((B24)/3)+ROUNDDOWN(C24/3)+ROUNDDOWN(A24/27)*2,=C24+B24*9,"=""rows[""&B24&""][""&C24&""] = &board.at(""&A24&"");""","=""columns[""&C24&""][""&B24&""] = &board.at(""&A24&"");""","=""subsquares[""&D24&""][""&COUNTIF(D$2:D24,D24)-1&""] = &board.at(""&A24&"");""",,,,,,,,,,,
23,=ROUNDDOWN(A25/9),"=MOD(A25,9)",=ROUNDDOWN((B25)/3)+ROUNDDOWN(C25/3)+ROUNDDOWN(A25/27)*2,=C25+B25*9,"=""rows[""&B25&""][""&C25&""] = &board.at(""&A25&"");""","=""columns[""&C25&""][""&B25&""] = &board.at(""&A25&"");""","=""subsquares[""&D25&""][""&COUNTIF(D$2:D25,D25)-1&""] = &board.at(""&A25&"");""",,,,,,,,,,,
24,=ROUNDDOWN(A26/9),"=MOD(A26,9)",=ROUNDDOWN((B26)/3)+ROUNDDOWN(C26/3)+ROUNDDOWN(A26/27)*2,=C26+B26*9,"=""rows[""&B26&""][""&C26&""] = &board.at(""&A26&"");""","=""columns[""&C26&""][""&B26&""] = &board.at(""&A26&"");""","=""subsquares[""&D26&""][""&COUNTIF(D$2:D26,D26)-1&""] = &board.at(""&A26&"");""",,,,,,,,,,,
25,=ROUNDDOWN(A27/9),"=MOD(A27,9)",=ROUNDDOWN((B27)/3)+ROUNDDOWN(C27/3)+ROUNDDOWN(A27/27)*2,=C27+B27*9,"=""rows[""&B27&""][""&C27&""] = &board.at(""&A27&"");""","=""columns[""&C27&""][""&B27&""] = &board.at(""&A27&"");""","=""subsquares[""&D27&""][""&COUNTIF(D$2:D27,D27)-1&""] = &board.at(""&A27&"");""",,,,,,,,,,,
26,=ROUNDDOWN(A28/9),"=MOD(A28,9)",=ROUNDDOWN((B28)/3)+ROUNDDOWN(C28/3)+ROUNDDOWN(A28/27)*2,=C28+B28*9,"=""rows[""&B28&""][""&C28&""] = &board.at(""&A28&"");""","=""columns[""&C28&""][""&B28&""] = &board.at(""&A28&"");""","=""subsquares[""&D28&""][""&COUNTIF(D$2:D28,D28)-1&""] = &board.at(""&A28&"");""",,,,,,,,,,,
27,=ROUNDDOWN(A29/9),"=MOD(A29,9)",=ROUNDDOWN((B29)/3)+ROUNDDOWN(C29/3)+ROUNDDOWN(A29/27)*2,=C29+B29*9,"=""rows[""&B29&""][""&C29&""] = &board.at(""&A29&"");""","=""columns[""&C29&""][""&B29&""] = &board.at(""&A29&"");""","=""subsquares[""&D29&""][""&COUNTIF(D$2:D29,D29)-1&""] = &board.at(""&A29&"");""",,,,,,,,,,,
28,=ROUNDDOWN(A30/9),"=MOD(A30,9)",=ROUNDDOWN((B30)/3)+ROUNDDOWN(C30/3)+ROUNDDOWN(A30/27)*2,=C30+B30*9,"=""rows[""&B30&""][""&C30&""] = &board.at(""&A30&"");""","=""columns[""&C30&""][""&B30&""] = &board.at(""&A30&"");""","=""subsquares[""&D30&""][""&COUNTIF(D$2:D30,D30)-1&""] = &board.at(""&A30&"");""",,,,,,,,,,,
29,=ROUNDDOWN(A31/9),"=MOD(A31,9)",=ROUNDDOWN((B31)/3)+ROUNDDOWN(C31/3)+ROUNDDOWN(A31/27)*2,=C31+B31*9,"=""rows[""&B31&""][""&C31&""] = &board.at(""&A31&"");""","=""columns[""&C31&""][""&B31&""] = &board.at(""&A31&"");""","=""subsquares[""&D31&""][""&COUNTIF(D$2:D31,D31)-1&""] = &board.at(""&A31&"");""",,,,,,,,,,,
30,=ROUNDDOWN(A32/9),"=MOD(A32,9)",=ROUNDDOWN((B32)/3)+ROUNDDOWN(C32/3)+ROUNDDOWN(A32/27)*2,=C32+B32*9,"=""rows[""&B32&""][""&C32&""] = &board.at(""&A32&"");""","=""columns[""&C32&""][""&B32&""] = &board.at(""&A32&"");""","=""subsquares[""&D32&""][""&COUNTIF(D$2:D32,D32)-1&""] = &board.at(""&A32&"");""",,,,,,,,,,,
31,=ROUNDDOWN(A33/9),"=MOD(A33,9)",=ROUNDDOWN((B33)/3)+ROUNDDOWN(C33/3)+ROUNDDOWN(A33/27)*2,=C33+B33*9,"=""rows[""&B33&""][""&C33&""] = &board.at(""&A33&"");""","=""columns[""&C33&""][""&B33&""] = &board.at(""&A33&"");""","=""subsquares[""&D33&""][""&COUNTIF(D$2:D33,D33)-1&""] = &board.at(""&A33&"");""",,,,,,,,,,,
32,=ROUNDDOWN(A34/9),"=MOD(A34,9)",=ROUNDDOWN((B34)/3)+ROUNDDOWN(C34/3)+ROUNDDOWN(A34/27)*2,=C34+B34*9,"=""rows[""&B34&""][""&C34&""] = &board.at(""&A34&"");""","=""columns[""&C34&""][""&B34&""] = &board.at(""&A34&"");""","=""subsquares[""&D34&""][""&COUNTIF(D$2:D34,D34)-1&""] = &board.at(""&A34&"");""",,,,,,,,,,,
33,=ROUNDDOWN(A35/9),"=MOD(A35,9)",=ROUNDDOWN((B35)/3)+ROUNDDOWN(C35/3)+ROUNDDOWN(A35/27)*2,=C35+B35*9,"=""rows[""&B35&""][""&C35&""] = &board.at(""&A35&"");""","=""columns[""&C35&""][""&B35&""] = &board.at(""&A35&"");""","=""subsquares[""&D35&""][""&COUNTIF(D$2:D35,D35)-1&""] = &board.at(""&A35&"");""",,,,,,,,,,,
34,=ROUNDDOWN(A36/9),"=MOD(A36,9)",=ROUNDDOWN((B36)/3)+ROUNDDOWN(C36/3)+ROUNDDOWN(A36/27)*2,=C36+B36*9,"=""rows[""&B36&""][""&C36&""] = &board.at(""&A36&"");""","=""columns[""&C36&""][""&B36&""] = &board.at(""&A36&"");""","=""subsquares[""&D36&""][""&COUNTIF(D$2:D36,D36)-1&""] = &board.at(""&A36&"");""",,,,,,,,,,,
35,=ROUNDDOWN(A37/9),"=MOD(A37,9)",=ROUNDDOWN((B37)/3)+ROUNDDOWN(C37/3)+ROUNDDOWN(A37/27)*2,=C37+B37*9,"=""rows[""&B37&""][""&C37&""] = &board.at(""&A37&"");""","=""columns[""&C37&""][""&B37&""] = &board.at(""&A37&"");""","=""subsquares[""&D37&""][""&COUNTIF(D$2:D37,D37)-1&""] = &board.at(""&A37&"");""",,,,,,,,,,,
36,=ROUNDDOWN(A38/9),"=MOD(A38,9)",=ROUNDDOWN((B38)/3)+ROUNDDOWN(C38/3)+ROUNDDOWN(A38/27)*2,=C38+B38*9,"=""rows[""&B38&""][""&C38&""] = &board.at(""&A38&"");""","=""columns[""&C38&""][""&B38&""] = &board.at(""&A38&"");""","=""subsquares[""&D38&""][""&COUNTIF(D$2:D38,D38)-1&""] = &board.at(""&A38&"");""",,,,,,,,,,,
37,=ROUNDDOWN(A39/9),"=MOD(A39,9)",=ROUNDDOWN((B39)/3)+ROUNDDOWN(C39/3)+ROUNDDOWN(A39/27)*2,=C39+B39*9,"=""rows[""&B39&""][""&C39&""] = &board.at(""&A39&"");""","=""columns[""&C39&""][""&B39&""] = &board.at(""&A39&"");""","=""subsquares[""&D39&""][""&COUNTIF(D$2:D39,D39)-1&""] = &board.at(""&A39&"");""",,,,,,,,,,,
38,=ROUNDDOWN(A40/9),"=MOD(A40,9)",=ROUNDDOWN((B40)/3)+ROUNDDOWN(C40/3)+ROUNDDOWN(A40/27)*2,=C40+B40*9,"=""rows[""&B40&""][""&C40&""] = &board.at(""&A40&"");""","=""columns[""&C40&""][""&B40&""] = &board.at(""&A40&"");""","=""subsquares[""&D40&""][""&COUNTIF(D$2:D40,D40)-1&""] = &board.at(""&A40&"");""",,,,,,,,,,,
39,=ROUNDDOWN(A41/9),"=MOD(A41,9)",=ROUNDDOWN((B41)/3)+ROUNDDOWN(C41/3)+ROUNDDOWN(A41/27)*2,=C41+B41*9,"=""rows[""&B41&""][""&C41&""] = &board.at(""&A41&"");""","=""columns[""&C41&""][""&B41&""] = &board.at(""&A41&"");""","=""subsquares[""&D41&""][""&COUNTIF(D$2:D41,D41)-1&""] = &board.at(""&A41&"");""",,,,,,,,,,,
40,=ROUNDDOWN(A42/9),"=MOD(A42,9)",=ROUNDDOWN((B42)/3)+ROUNDDOWN(C42/3)+ROUNDDOWN(A42/27)*2,=C42+B42*9,"=""rows[""&B42&""][""&C42&""] = &board.at(""&A42&"");""","=""columns[""&C42&""][""&B42&""] = &board.at(""&A42&"");""","=""subsquares[""&D42&""][""&COUNTIF(D$2:D42,D42)-1&""] = &board.at(""&A42&"");""",,,,,,,,,,,
41,=ROUNDDOWN(A43/9),"=MOD(A43,9)",=ROUNDDOWN((B43)/3)+ROUNDDOWN(C43/3)+ROUNDDOWN(A43/27)*2,=C43+B43*9,"=""rows[""&B43&""][""&C43&""] = &board.at(""&A43&"");""","=""columns[""&C43&""][""&B43&""] = &board.at(""&A43&"");""","=""subsquares[""&D43&""][""&COUNTIF(D$2:D43,D43)-1&""] = &board.at(""&A43&"");""",,,,,,,,,,,
42,=ROUNDDOWN(A44/9),"=MOD(A44,9)",=ROUNDDOWN((B44)/3)+ROUNDDOWN(C44/3)+ROUNDDOWN(A44/27)*2,=C44+B44*9,"=""rows[""&B44&""][""&C44&""] = &board.at(""&A44&"");""","=""columns[""&C44&""][""&B44&""] = &board.at(""&A44&"");""","=""subsquares[""&D44&""][""&COUNTIF(D$2:D44,D44)-1&""] = &board.at(""&A44&"");""",,,,,,,,,,,
43,=ROUNDDOWN(A45/9),"=MOD(A45,9)",=ROUNDDOWN((B45)/3)+ROUNDDOWN(C45/3)+ROUNDDOWN(A45/27)*2,=C45+B45*9,"=""rows[""&B45&""][""&C45&""] = &board.at(""&A45&"");""","=""columns[""&C45&""][""&B45&""] = &board.at(""&A45&"");""","=""subsquares[""&D45&""][""&COUNTIF(D$2:D45,D45)-1&""] = &board.at(""&A45&"");""",,,,,,,,,,,
44,=ROUNDDOWN(A46/9),"=MOD(A46,9)",=ROUNDDOWN((B46)/3)+ROUNDDOWN(C46/3)+ROUNDDOWN(A46/27)*2,=C46+B46*9,"=""rows[""&B46&""][""&C46&""] = &board.at(""&A46&"");""","=""columns[""&C46&""][""&B46&""] = &board.at(""&A46&"");""","=""subsquares[""&D46&""][""&COUNTIF(D$2:D46,D46)-1&""] = &board.at(""&A46&"");""",,,,,,,,,,,
45,=ROUNDDOWN(A47/9),"=MOD(A47,9)",=ROUNDDOWN((B47)/3)+ROUNDDOWN(C47/3)+ROUNDDOWN(A47/27)*2,=C47+B47*9,"=""rows[""&B47&""][""&C47&""] = &board.at(""&A47&"");""","=""columns[""&C47&""][""&B47&""] = &board.at(""&A47&"");""","=""subsquares[""&D47&""][""&COUNTIF(D$2:D47,D47)-1&""] = &board.at(""&A47&"");""",,,,,,,,,,,
46,=ROUNDDOWN(A48/9),"=MOD(A48,9)",=ROUNDDOWN((B48)/3)+ROUNDDOWN(C48/3)+ROUNDDOWN(A48/27)*2,=C48+B48*9,"=""rows[""&B48&""][""&C48&""] = &board.at(""&A48&"");""","=""columns[""&C48&""][""&B48&""] = &board.at(""&A48&"");""","=""subsquares[""&D48&""][""&COUNTIF(D$2:D48,D48)-1&""] = &board.at(""&A48&"");""",,,,,,,,,,,
47,=ROUNDDOWN(A49/9),"=MOD(A49,9)",=ROUNDDOWN((B49)/3)+ROUNDDOWN(C49/3)+ROUNDDOWN(A49/27)*2,=C49+B49*9,"=""rows[""&B49&""][""&C49&""] = &board.at(""&A49&"");""","=""columns[""&C49&""][""&B49&""] = &board.at(""&A49&"");""","=""subsquares[""&D49&""][""&COUNTIF(D$2:D49,D49)-1&""] = &board.at(""&A49&"");""",,,,,,,,,,,
48,=ROUNDDOWN(A50/9),"=MOD(A50,9)",=ROUNDDOWN((B50)/3)+ROUNDDOWN(C50/3)+ROUNDDOWN(A50/27)*2,=C50+B50*9,"=""rows[""&B50&""][""&C50&""] = &board.at(""&A50&"");""","=""columns[""&C50&""][""&B50&""] = &board.at(""&A50&"");""","=""subsquares[""&D50&""][""&COUNTIF(D$2:D50,D50)-1&""] = &board.at(""&A50&"");""",,,,,,,,,,,
49,=ROUNDDOWN(A51/9),"=MOD(A51,9)",=ROUNDDOWN((B51)/3)+ROUNDDOWN(C51/3)+ROUNDDOWN(A51/27)*2,=C51+B51*9,"=""rows[""&B51&""][""&C51&""] = &board.at(""&A51&"");""","=""columns[""&C51&""][""&B51&""] = &board.at(""&A51&"");""","=""subsquares[""&D51&""][""&COUNTIF(D$2:D51,D51)-1&""] = &board.at(""&A51&"");""",,,,,,,,,,,
50,=ROUNDDOWN(A52/9),"=MOD(A52,9)",=ROUNDDOWN((B52)/3)+ROUNDDOWN(C52/3)+ROUNDDOWN(A52/27)*2,=C52+B52*9,"=""rows[""&B52&""][""&C52&""] = &board.at(""&A52&"");""","=""columns[""&C52&""][""&B52&""] = &board.at(""&A52&"");""","=""subsquares[""&D52&""][""&COUNTIF(D$2:D52,D52)-1&""] = &board.at(""&A52&"");""",,,,,,,,,,,
51,=ROUNDDOWN(A53/9),"=MOD(A53,9)",=ROUNDDOWN((B53)/3)+ROUNDDOWN(C53/3)+ROUNDDOWN(A53/27)*2,=C53+B53*9,"=""rows[""&B53&""][""&C53&""] = &board.at(""&A53&"");""","=""columns[""&C53&""][""&B53&""] = &board.at(""&A53&"");""","=""subsquares[""&D53&""][""&COUNTIF(D$2:D53,D53)-1&""] = &board.at(""&A53&"");""",,,,,,,,,,,
52,=ROUNDDOWN(A54/9),"=MOD(A54,9)",=ROUNDDOWN((B54)/3)+ROUNDDOWN(C54/3)+ROUNDDOWN(A54/27)*2,=C54+B54*9,"=""rows[""&B54&""][""&C54&""] = &board.at(""&A54&"");""","=""columns[""&C54&""][""&B54&""] = &board.at(""&A54&"");""","=""subsquares[""&D54&""][""&COUNTIF(D$2:D54,D54)-1&""] = &board.at(""&A54&"");""",,,,,,,,,,,
53,=ROUNDDOWN(A55/9),"=MOD(A55,9)",=ROUNDDOWN((B55)/3)+ROUNDDOWN(C55/3)+ROUNDDOWN(A55/27)*2,=C55+B55*9,"=""rows[""&B55&""][""&C55&""] = &board.at(""&A55&"");""","=""columns[""&C55&""][""&B55&""] = &board.at(""&A55&"");""","=""subsquares[""&D55&""][""&COUNTIF(D$2:D55,D55)-1&""] = &board.at(""&A55&"");""",,,,,,,,,,,
54,=ROUNDDOWN(A56/9),"=MOD(A56,9)",=ROUNDDOWN((B56)/3)+ROUNDDOWN(C56/3)+ROUNDDOWN(A56/27)*2,=C56+B56*9,"=""rows[""&B56&""][""&C56&""] = &board.at(""&A56&"");""","=""columns[""&C56&""][""&B56&""] = &board.at(""&A56&"");""","=""subsquares[""&D56&""][""&COUNTIF(D$2:D56,D56)-1&""] = &board.at(""&A56&"");""",,,,,,,,,,,
55,=ROUNDDOWN(A57/9),"=MOD(A57,9)",=ROUNDDOWN((B57)/3)+ROUNDDOWN(C57/3)+ROUNDDOWN(A57/27)*2,=C57+B57*9,"=""rows[""&B57&""][""&C57&""] = &board.at(""&A57&"");""","=""columns[""&C57&""][""&B57&""] = &board.at(""&A57&"");""","=""subsquares[""&D57&""][""&COUNTIF(D$2:D57,D57)-1&""] = &board.at(""&A57&"");""",,,,,,,,,,,
56,=ROUNDDOWN(A58/9),"=MOD(A58,9)",=ROUNDDOWN((B58)/3)+ROUNDDOWN(C58/3)+ROUNDDOWN(A58/27)*2,=C58+B58*9,"=""rows[""&B58&""][""&C58&""] = &board.at(""&A58&"");""","=""columns[""&C58&""][""&B58&""] = &board.at(""&A58&"");""","=""subsquares[""&D58&""][""&COUNTIF(D$2:D58,D58)-1&""] = &board.at(""&A58&"");""",,,,,,,,,,,
57,=ROUNDDOWN(A59/9),"=MOD(A59,9)",=ROUNDDOWN((B59)/3)+ROUNDDOWN(C59/3)+ROUNDDOWN(A59/27)*2,=C59+B59*9,"=""rows[""&B59&""][""&C59&""] = &board.at(""&A59&"");""","=""columns[""&C59&""][""&B59&""] = &board.at(""&A59&"");""","=""subsquares[""&D59&""][""&COUNTIF(D$2:D59,D59)-1&""] = &board.at(""&A59&"");""",,,,,,,,,,,
58,=ROUNDDOWN(A60/9),"=MOD(A60,9)",=ROUNDDOWN((B60)/3)+ROUNDDOWN(C60/3)+ROUNDDOWN(A60/27)*2,=C60+B60*9,"=""rows[""&B60&""][""&C60&""] = &board.at(""&A60&"");""","=""columns[""&C60&""][""&B60&""] = &board.at(""&A60&"");""","=""subsquares[""&D60&""][""&COUNTIF(D$2:D60,D60)-1&""] = &board.at(""&A60&"");""",,,,,,,,,,,
59,=ROUNDDOWN(A61/9),"=MOD(A61,9)",=ROUNDDOWN((B61)/3)+ROUNDDOWN(C61/3)+ROUNDDOWN(A61/27)*2,=C61+B61*9,"=""rows[""&B61&""][""&C61&""] = &board.at(""&A61&"");""","=""columns[""&C61&""][""&B61&""] = &board.at(""&A61&"");""","=""subsquares[""&D61&""][""&COUNTIF(D$2:D61,D61)-1&""] = &board.at(""&A61&"");""",,,,,,,,,,,
60,=ROUNDDOWN(A62/9),"=MOD(A62,9)",=ROUNDDOWN((B62)/3)+ROUNDDOWN(C62/3)+ROUNDDOWN(A62/27)*2,=C62+B62*9,"=""rows[""&B62&""][""&C62&""] = &board.at(""&A62&"");""","=""columns[""&C62&""][""&B62&""] = &board.at(""&A62&"");""","=""subsquares[""&D62&""][""&COUNTIF(D$2:D62,D62)-1&""] = &board.at(""&A62&"");""",,,,,,,,,,,
61,=ROUNDDOWN(A63/9),"=MOD(A63,9)",=ROUNDDOWN((B63)/3)+ROUNDDOWN(C63/3)+ROUNDDOWN(A63/27)*2,=C63+B63*9,"=""rows[""&B63&""][""&C63&""] = &board.at(""&A63&"");""","=""columns[""&C63&""][""&B63&""] = &board.at(""&A63&"");""","=""subsquares[""&D63&""][""&COUNTIF(D$2:D63,D63)-1&""] = &board.at(""&A63&"");""",,,,,,,,,,,
62,=ROUNDDOWN(A64/9),"=MOD(A64,9)",=ROUNDDOWN((B64)/3)+ROUNDDOWN(C64/3)+ROUNDDOWN(A64/27)*2,=C64+B64*9,"=""rows[""&B64&""][""&C64&""] = &board.at(""&A64&"");""","=""columns[""&C64&""][""&B64&""] = &board.at(""&A64&"");""","=""subsquares[""&D64&""][""&COUNTIF(D$2:D64,D64)-1&""] = &board.at(""&A64&"");""",,,,,,,,,,,
63,=ROUNDDOWN(A65/9),"=MOD(A65,9)",=ROUNDDOWN((B65)/3)+ROUNDDOWN(C65/3)+ROUNDDOWN(A65/27)*2,=C65+B65*9,"=""rows[""&B65&""][""&C65&""] = &board.at(""&A65&"");""","=""columns[""&C65&""][""&B65&""] = &board.at(""&A65&"");""","=""subsquares[""&D65&""][""&COUNTIF(D$2:D65,D65)-1&""] = &board.at(""&A65&"");""",,,,,,,,,,,
64,=ROUNDDOWN(A66/9),"=MOD(A66,9)",=ROUNDDOWN((B66)/3)+ROUNDDOWN(C66/3)+ROUNDDOWN(A66/27)*2,=C66+B66*9,"=""rows[""&B66&""][""&C66&""] = &board.at(""&A66&"");""","=""columns[""&C66&""][""&B66&""] = &board.at(""&A66&"");""","=""subsquares[""&D66&""][""&COUNTIF(D$2:D66,D66)-1&""] = &board.at(""&A66&"");""",,,,,,,,,,,
65,=ROUNDDOWN(A67/9),"=MOD(A67,9)",=ROUNDDOWN((B67)/3)+ROUNDDOWN(C67/3)+ROUNDDOWN(A67/27)*2,=C67+B67*9,"=""rows[""&B67&""][""&C67&""] = &board.at(""&A67&"");""","=""columns[""&C67&""][""&B67&""] = &board.at(""&A67&"");""","=""subsquares[""&D67&""][""&COUNTIF(D$2:D67,D67)-1&""] = &board.at(""&A67&"");""",,,,,,,,,,,
66,=ROUNDDOWN(A68/9),"=MOD(A68,9)",=ROUNDDOWN((B68)/3)+ROUNDDOWN(C68/3)+ROUNDDOWN(A68/27)*2,=C68+B68*9,"=""rows[""&B68&""][""&C68&""] = &board.at(""&A68&"");""","=""columns[""&C68&""][""&B68&""] = &board.at(""&A68&"");""","=""subsquares[""&D68&""][""&COUNTIF(D$2:D68,D68)-1&""] = &board.at(""&A68&"");""",,,,,,,,,,,
67,=ROUNDDOWN(A69/9),"=MOD(A69,9)",=ROUNDDOWN((B69)/3)+ROUNDDOWN(C69/3)+ROUNDDOWN(A69/27)*2,=C69+B69*9,"=""rows[""&B69&""][""&C69&""] = &board.at(""&A69&"");""","=""columns[""&C69&""][""&B69&""] = &board.at(""&A69&"");""","=""subsquares[""&D69&""][""&COUNTIF(D$2:D69,D69)-1&""] = &board.at(""&A69&"");""",,,,,,,,,,,
68,=ROUNDDOWN(A70/9),"=MOD(A70,9)",=ROUNDDOWN((B70)/3)+ROUNDDOWN(C70/3)+ROUNDDOWN(A70/27)*2,=C70+B70*9,"=""rows[""&B70&""][""&C70&""] = &board.at(""&A70&"");""","=""columns[""&C70&""][""&B70&""] = &board.at(""&A70&"");""","=""subsquares[""&D70&""][""&COUNTIF(D$2:D70,D70)-1&""] = &board.at(""&A70&"");""",,,,,,,,,,,
69,=ROUNDDOWN(A71/9),"=MOD(A71,9)",=ROUNDDOWN((B71)/3)+ROUNDDOWN(C71/3)+ROUNDDOWN(A71/27)*2,=C71+B71*9,"=""rows[""&B71&""][""&C71&""] = &board.at(""&A71&"");""","=""columns[""&C71&""][""&B71&""] = &board.at(""&A71&"");""","=""subsquares[""&D71&""][""&COUNTIF(D$2:D71,D71)-1&""] = &board.at(""&A71&"");""",,,,,,,,,,,
70,=ROUNDDOWN(A72/9),"=MOD(A72,9)",=ROUNDDOWN((B72)/3)+ROUNDDOWN(C72/3)+ROUNDDOWN(A72/27)*2,=C72+B72*9,"=""rows[""&B72&""][""&C72&""] = &board.at(""&A72&"");""","=""columns[""&C72&""][""&B72&""] = &board.at(""&A72&"");""","=""subsquares[""&D72&""][""&COUNTIF(D$2:D72,D72)-1&""] = &board.at(""&A72&"");""",,,,,,,,,,,
71,=ROUNDDOWN(A73/9),"=MOD(A73,9)",=ROUNDDOWN((B73)/3)+ROUNDDOWN(C73/3)+ROUNDDOWN(A73/27)*2,=C73+B73*9,"=""rows[""&B73&""][""&C73&""] = &board.at(""&A73&"");""","=""columns[""&C73&""][""&B73&""] = &board.at(""&A73&"");""","=""subsquares[""&D73&""][""&COUNTIF(D$2:D73,D73)-1&""] = &board.at(""&A73&"");""",,,,,,,,,,,
72,=ROUNDDOWN(A74/9),"=MOD(A74,9)",=ROUNDDOWN((B74)/3)+ROUNDDOWN(C74/3)+ROUNDDOWN(A74/27)*2,=C74+B74*9,"=""rows[""&B74&""][""&C74&""] = &board.at(""&A74&"");""","=""columns[""&C74&""][""&B74&""] = &board.at(""&A74&"");""","=""subsquares[""&D74&""][""&COUNTIF(D$2:D74,D74)-1&""] = &board.at(""&A74&"");""",,,,,,,,,,,
73,=ROUNDDOWN(A75/9),"=MOD(A75,9)",=ROUNDDOWN((B75)/3)+ROUNDDOWN(C75/3)+ROUNDDOWN(A75/27)*2,=C75+B75*9,"=""rows[""&B75&""][""&C75&""] = &board.at(""&A75&"");""","=""columns[""&C75&""][""&B75&""] = &board.at(""&A75&"");""","=""subsquares[""&D75&""][""&COUNTIF(D$2:D75,D75)-1&""] = &board.at(""&A75&"");""",,,,,,,,,,,
74,=ROUNDDOWN(A76/9),"=MOD(A76,9)",=ROUNDDOWN((B76)/3)+ROUNDDOWN(C76/3)+ROUNDDOWN(A76/27)*2,=C76+B76*9,"=""rows[""&B76&""][""&C76&""] = &board.at(""&A76&"");""","=""columns[""&C76&""][""&B76&""] = &board.at(""&A76&"");""","=""subsquares[""&D76&""][""&COUNTIF(D$2:D76,D76)-1&""] = &board.at(""&A76&"");""",,,,,,,,,,,
75,=ROUNDDOWN(A77/9),"=MOD(A77,9)",=ROUNDDOWN((B77)/3)+ROUNDDOWN(C77/3)+ROUNDDOWN(A77/27)*2,=C77+B77*9,"=""rows[""&B77&""][""&C77&""] = &board.at(""&A77&"");""","=""columns[""&C77&""][""&B77&""] = &board.at(""&A77&"");""","=""subsquares[""&D77&""][""&COUNTIF(D$2:D77,D77)-1&""] = &board.at(""&A77&"");""",,,,,,,,,,,
76,=ROUNDDOWN(A78/9),"=MOD(A78,9)",=ROUNDDOWN((B78)/3)+ROUNDDOWN(C78/3)+ROUNDDOWN(A78/27)*2,=C78+B78*9,"=""rows[""&B78&""][""&C78&""] = &board.at(""&A78&"");""","=""columns[""&C78&""][""&B78&""] = &board.at(""&A78&"");""","=""subsquares[""&D78&""][""&COUNTIF(D$2:D78,D78)-1&""] = &board.at(""&A78&"");""",,,,,,,,,,,
77,=ROUNDDOWN(A79/9),"=MOD(A79,9)",=ROUNDDOWN((B79)/3)+ROUNDDOWN(C79/3)+ROUNDDOWN(A79/27)*2,=C79+B79*9,"=""rows[""&B79&""][""&C79&""] = &board.at(""&A79&"");""","=""columns[""&C79&""][""&B79&""] = &board.at(""&A79&"");""","=""subsquares[""&D79&""][""&COUNTIF(D$2:D79,D79)-1&""] = &board.at(""&A79&"");""",,,,,,,,,,,
78,=ROUNDDOWN(A80/9),"=MOD(A80,9)",=ROUNDDOWN((B80)/3)+ROUNDDOWN(C80/3)+ROUNDDOWN(A80/27)*2,=C80+B80*9,"=""rows[""&B80&""][""&C80&""] = &board.at(""&A80&"");""","=""columns[""&C80&""][""&B80&""] = &board.at(""&A80&"");""","=""subsquares[""&D80&""][""&COUNTIF(D$2:D80,D80)-1&""] = &board.at(""&A80&"");""",,,,,,,,,,,
79,=ROUNDDOWN(A81/9),"=MOD(A81,9)",=ROUNDDOWN((B81)/3)+ROUNDDOWN(C81/3)+ROUNDDOWN(A81/27)*2,=C81+B81*9,"=""rows[""&B81&""][""&C81&""] = &board.at(""&A81&"");""","=""columns[""&C81&""][""&B81&""] = &board.at(""&A81&"");""","=""subsquares[""&D81&""][""&COUNTIF(D$2:D81,D81)-1&""] = &board.at(""&A81&"");""",,,,,,,,,,,
80,=ROUNDDOWN(A82/9),"=MOD(A82,9)",=ROUNDDOWN((B82)/3)+ROUNDDOWN(C82/3)+ROUNDDOWN(A82/27)*2,=C82+B82*9,"=""rows[""&B82&""][""&C82&""] = &board.at(""&A82&"");""","=""columns[""&C82&""][""&B82&""] = &board.at(""&A82&"");""","=""subsquares[""&D82&""][""&COUNTIF(D$2:D82,D82)-1&""] = &board.at(""&A82&"");""",,,,,,,,,,,
